parameter,outcome,base_n,S1,ST
k_qa,delta_extent,128,-0.22037445893331298,0.0970492930425501
k_qa,delta_extent,256,-0.03634257668953689,0.09134358500201496
k_qa,delta_extent,512,-0.050930066616688974,0.09170164174371877
k_qa,delta_extent,2048,-0.0015706379628472877,0.06272897845938864
k_aq,delta_extent,128,-0.007972325525164692,0.007191242775017962
k_aq,delta_extent,256,0.053329572237220124,0.015801295990303905
k_aq,delta_extent,512,0.03990413278223315,0.016707105998300685
k_aq,delta_extent,2048,0.01937146084505259,0.014235825301280099
b_a,delta_extent,128,-0.18906221928215627,0.12339493950706736
b_a,delta_extent,256,-0.09316105943870268,0.10394112348419976
b_a,delta_extent,512,-0.050568535398823,0.11576916941923773
b_a,delta_extent,2048,0.02847573932548919,0.09048075039561146
d_a,delta_extent,128,-0.0751797017388709,0.01910568289036444
d_a,delta_extent,256,0.00223034926769905,0.029031142943555053
d_a,delta_extent,512,0.020011624245011905,0.02258131454621763
d_a,delta_extent,2048,-0.02891486241564767,0.018597374362251104
b_p,delta_extent,128,-0.24377541552358717,0.4174360599152492
b_p,delta_extent,256,-0.31353353831258945,0.48478384734219215
b_p,delta_extent,512,-0.09957749371932678,0.44327923485492815
b_p,delta_extent,2048,0.005573500507862206,0.4578562466430008
k_pn,delta_extent,128,-0.276925676201484,0.24210967667220135
k_pn,delta_extent,256,-0.213411906815411,0.20110826921409364
k_pn,delta_extent,512,-0.31445512537816955,0.31478489329206033
k_pn,delta_extent,2048,-0.02544385043854147,0.23581106483966682
d_p,delta_extent,128,0.12871756116412458,0.10692431958755734
d_p,delta_extent,256,0.12563553580659048,0.10541339188422744
d_p,delta_extent,512,0.0035630970803165463,0.20471358923803484
d_p,delta_extent,2048,0.04554994185810757,0.25612026481970446
k_nm,delta_extent,128,-0.04472344342911638,0.023657141420516534
k_nm,delta_extent,256,0.00638978005078239,0.035572291121527745
k_nm,delta_extent,512,0.029815689352590713,0.03262026728079396
k_nm,delta_extent,2048,0.03216557226898542,0.02304349164524752
d_n,delta_extent,128,-0.06756004448892305,0.006712912071279197
d_n,delta_extent,256,-0.01073081707956658,0.008159093596752582
d_n,delta_extent,512,-0.003897140610879646,0.007693999122716506
d_n,delta_extent,2048,0.011065988588011999,0.006132821774016896
k_mg,delta_extent,128,-0.03797518593276639,0.0004272047874986819
k_mg,delta_extent,256,-0.023711598518509236,0.0006803898689287769
k_mg,delta_extent,512,-0.008423524139022698,0.0007060630911299202
k_mg,delta_extent,2048,-0.0019158909650778266,0.000500747889837329
d_m,delta_extent,128,-0.008472710423688357,0.006137423753921802
d_m,delta_extent,256,-0.026453089612036296,0.007772921826766984
d_m,delta_extent,512,-0.007382307090476381,0.006936158479265205
d_m,delta_extent,2048,-0.007298186898113013,0.005802507756049058
d_g,delta_extent,128,-0.038112854059358936,0.00023597098233900195
d_g,delta_extent,256,-0.01983763260340554,0.00029108292203626767
d_g,delta_extent,512,-0.0028136630048036793,0.0002991366751746228
d_g,delta_extent,2048,8.233537174429095e-05,0.0003441273092234613
eff_mean,delta_extent,128,-0.03482215372981767,0.0
eff_mean,delta_extent,256,-0.015055413840879828,0.0
eff_mean,delta_extent,512,-0.00023834164482749998,0.0
eff_mean,delta_extent,2048,0.0005387035306771981,0.0
eff_cv,delta_extent,128,-0.03482215372981767,0.0
eff_cv,delta_extent,256,-0.015055413840879828,0.0
eff_cv,delta_extent,512,-0.00023834164482749998,0.0
eff_cv,delta_extent,2048,0.0005387035306771981,0.0
tx_activation,delta_extent,128,-0.07238384369356576,0.018180357418723536
tx_activation,delta_extent,256,-0.05924862741568271,0.022650753160135144
tx_activation,delta_extent,512,-0.001110394017629579,0.02245012450233762
tx_activation,delta_extent,2048,0.016535320222014538,0.016743113646178875
tx_prolif,delta_extent,128,0.03042644752844459,0.4530191686681136
tx_prolif,delta_extent,256,-0.05504934210667489,0.4554251502873928
tx_prolif,delta_extent,512,0.05835857064830452,0.5039923737708122
tx_prolif,delta_extent,2048,0.18091616290884838,0.39932875765452175
tx_maturation,delta_extent,128,0.08888886943424534,0.04139163257859894
tx_maturation,delta_extent,256,0.07644364710936213,0.04792812923286438
tx_maturation,delta_extent,512,0.04566773327839346,0.05120106922067779
tx_maturation,delta_extent,2048,0.010586264450148652,0.03918524390357818
tx_integration,delta_extent,128,-0.028784656715863832,0.0013511843229213427
tx_integration,delta_extent,256,-0.03216583112607174,0.0025881297558440004
tx_integration,delta_extent,512,-0.007383185982053453,0.002383927206707071
tx_integration,delta_extent,2048,-0.003423305900652762,0.0014865836132381908
tx_eff,delta_extent,128,-0.03482215372981767,0.0
tx_eff,delta_extent,256,-0.015055413840879828,0.0
tx_eff,delta_extent,512,-0.00023834164482749998,0.0
tx_eff,delta_extent,2048,0.0005387035306771981,0.0
tx_survival,delta_extent,128,-0.05307667622751344,0.026758781978549008
tx_survival,delta_extent,256,-0.020771202301965497,0.026575052154638488
tx_survival,delta_extent,512,-0.0159658305377679,0.027378502308311424
tx_survival,delta_extent,2048,0.010577377988659209,0.022584951143197963
k_qa,delta_fni,128,-0.37363740297975334,0.0827096453299279
k_qa,delta_fni,256,-0.20333731847215009,0.0863678020427002
k_qa,delta_fni,512,-0.08135322213612128,0.0793387376477176
k_qa,delta_fni,2048,0.003208206677271175,0.06564532620375728
k_aq,delta_fni,128,-0.13864818588613836,0.006679143634358854
k_aq,delta_fni,256,-0.036074300628711864,0.009877090877114813
k_aq,delta_fni,512,-0.0008758174021215037,0.012152373993447473
k_aq,delta_fni,2048,-0.0124259660279884,0.013481239342857667
b_a,delta_fni,128,-0.22332159519107675,0.08913374559378985
b_a,delta_fni,256,-0.10357117857198883,0.09444288641599477
b_a,delta_fni,512,-0.014094813598591882,0.10053867559607578
b_a,delta_fni,2048,0.049555199378989334,0.09310156635988803
d_a,delta_fni,128,-0.18334107383464127,0.018969681110754075
d_a,delta_fni,256,-0.07056559786766159,0.021066775590759965
d_a,delta_fni,512,-0.008995516590281971,0.01676693974382277
d_a,delta_fni,2048,-0.018610842344838563,0.015027223163663912
b_p,delta_fni,128,-0.1654670694618976,0.22347530537932797
b_p,delta_fni,256,-0.1994627467811565,0.3005875295432529
b_p,delta_fni,512,-0.09886462636794557,0.2857032584297014
b_p,delta_fni,2048,-0.028000099189059213,0.2367341500465114
k_pn,delta_fni,128,-0.16235978125589656,0.0412253969539238
k_pn,delta_fni,256,-0.08710020933158269,0.042589858421258106
k_pn,delta_fni,512,-0.1534009800133751,0.12753488869728405
k_pn,delta_fni,2048,-0.025201411632403303,0.10211945312290899
d_p,delta_fni,128,0.015893792559001474,0.06916813080098527
d_p,delta_fni,256,0.07922360250275018,0.07508943234933303
d_p,delta_fni,512,0.011131380348923803,0.1302434223777532
d_p,delta_fni,2048,0.0361360568190211,0.16875192950996443
k_nm,delta_fni,128,-0.19625695677481625,0.041335087163788295
k_nm,delta_fni,256,-0.09146956743817425,0.04332370664162296
k_nm,delta_fni,512,-0.0027935230182822846,0.03735120154443437
k_nm,delta_fni,2048,0.024108871353293315,0.028963497788647034
d_n,delta_fni,128,-0.14151454113223672,0.008193718065483203
d_n,delta_fni,256,-0.029660545040661512,0.009620165129711263
d_n,delta_fni,512,0.021806243149033455,0.010950649114682022
d_n,delta_fni,2048,0.0017013658104103602,0.00879406350592561
k_mg,delta_fni,128,-0.08994412240978611,0.061585236073024775
k_mg,delta_fni,256,-0.11427490392141038,0.1171605722560707
k_mg,delta_fni,512,-0.03056072373763885,0.10586262799525091
k_mg,delta_fni,2048,0.0658896667562251,0.09489833766547412
d_m,delta_fni,128,-0.10946069876969422,0.005543565308446629
d_m,delta_fni,256,-0.04020046887302886,0.006753339166923585
d_m,delta_fni,512,-0.010431443767809023,0.006603557369059435
d_m,delta_fni,2048,-0.005406697964057461,0.006172151128335611
d_g,delta_fni,128,-0.1358369151727643,0.0017816677195284895
d_g,delta_fni,256,-0.04473026626699439,0.0020145732923308258
d_g,delta_fni,512,-0.005447475491878073,0.0015968873943915127
d_g,delta_fni,2048,-0.014784224837567583,0.0018393334826350455
eff_mean,delta_fni,128,-0.08648797233588423,0.06636738311465501
eff_mean,delta_fni,256,-0.13057075540068475,0.13975076135046344
eff_mean,delta_fni,512,-0.040783515417218474,0.16136078043664973
eff_mean,delta_fni,2048,0.01686769253605247,0.11181520313898506
eff_cv,delta_fni,128,-0.1429657917889111,0.0
eff_cv,delta_fni,256,-0.04735542971970119,0.0
eff_cv,delta_fni,512,-0.005248043642928524,0.0
eff_cv,delta_fni,2048,-0.007740316978647188,0.0
tx_activation,delta_fni,128,-0.15475820985535815,0.009305932184196595
tx_activation,delta_fni,256,-0.07400495209254343,0.013065888579002845
tx_activation,delta_fni,512,-0.006022769831884878,0.013630183325129554
tx_activation,delta_fni,2048,-0.00822263818772817,0.010895291621662936
tx_prolif,delta_fni,128,-0.12074576965759065,0.2623305528668058
tx_prolif,delta_fni,256,-0.03399378085249993,0.24781719156153842
tx_prolif,delta_fni,512,0.02542783505193935,0.24838861523724112
tx_prolif,delta_fni,2048,-0.025379040815487697,0.25816255771841845
tx_maturation,delta_fni,128,-0.09221198941069075,0.03489882040334087
tx_maturation,delta_fni,256,0.0016444834001682063,0.042322615540718415
tx_maturation,delta_fni,512,-0.016198051714219508,0.04415448300730085
tx_maturation,delta_fni,2048,-0.010973927515163906,0.035447999813164426
tx_integration,delta_fni,128,-0.03287087558135715,0.052261252758788644
tx_integration,delta_fni,256,-0.04558221683143526,0.098408739231634
tx_integration,delta_fni,512,-0.008190223941047403,0.0911759562489538
tx_integration,delta_fni,2048,0.05214173036876246,0.07694272557684313
tx_eff,delta_fni,128,0.13960572734204257,0.18852352917054546
tx_eff,delta_fni,256,0.16579512292966814,0.21867529953026554
tx_eff,delta_fni,512,0.18360693062038758,0.21850083412118634
tx_eff,delta_fni,2048,0.18546558997709817,0.1956898826290213
tx_survival,delta_fni,128,-0.15216256982513054,0.023579444073131738
tx_survival,delta_fni,256,-0.06386239523508208,0.025304568898712437
tx_survival,delta_fni,512,-0.009918726114414467,0.02311376963311852
tx_survival,delta_fni,2048,0.0026578684725243606,0.020994192773217322
