region,cell_type,process,n_ft,n_sham,n_genes,mean_ft,mean_sham,difference,hedges_g,p_permutation,genes_present,q_bh
dorsal_DG,AstroSub1,proliferation,4,4,7,0.06827260564546071,0.05115436331363624,0.01711824233182447,0.34882597502730406,0.6,Mki67;Pcna;Mcm2;Mcm5;Top2a;Ccnd1;Ccnb1,0.9199999999999999
dorsal_DG,BergGlia,proliferation,3,4,7,0.05795609111306387,0.31493583620772325,-0.2569797450946594,-1.9029960913062234,0.02857142857142857,Mki67;Pcna;Mcm2;Mcm5;Top2a;Ccnd1;Ccnb1,0.5914285714285714
dorsal_DG,Endothelial,proliferation,3,4,7,0.16362728807231308,0.1692809309313212,-0.005653642859008129,-0.10141089521498267,0.8857142857142857,Mki67;Pcna;Mcm2;Mcm5;Top2a;Ccnd1;Ccnb1,0.9857142857142857
dorsal_DG,ExcitNeuron,proliferation,3,4,7,0.08366745663398788,0.09231032297157873,-0.008642866337590857,-0.130392079812146,0.9428571428571428,Mki67;Pcna;Mcm2;Mcm5;Top2a;Ccnd1;Ccnb1,0.9923857868020305
dorsal_DG,Granule,proliferation,4,4,7,0.09181982012739028,0.11945718087276458,-0.027637360745374304,-0.25970119484445997,0.7714285714285715,Mki67;Pcna;Mcm2;Mcm5;Top2a;Ccnd1;Ccnb1,0.9857142857142857
dorsal_DG,InhibNeuron,proliferation,4,3,7,0.054302753121244794,0.07294683815060739,-0.018644085029362593,-0.3603632335555632,0.5714285714285714,Mki67;Pcna;Mcm2;Mcm5;Top2a;Ccnd1;Ccnb1,0.9199999999999999
dorsal_DG,Microglia1,proliferation,3,5,7,0.25318345169867257,0.21436961401069943,0.03881383768797314,0.9294881459652531,0.19642857142857142,Mki67;Pcna;Mcm2;Mcm5;Top2a;Ccnd1;Ccnb1,0.8448979591836736
dorsal_DG,Microglia2,proliferation,4,5,7,0.19415267743654535,0.1692587168276806,0.024893960608864757,0.31571273375422,0.5873015873015873,Mki67;Pcna;Mcm2;Mcm5;Top2a;Ccnd1;Ccnb1,0.9199999999999999
dorsal_DG,Mossy,proliferation,4,3,7,0.22937871974696267,0.2246190024406761,0.004759717306286576,0.07689624545424585,0.9142857142857143,Mki67;Pcna;Mcm2;Mcm5;Top2a;Ccnd1;Ccnb1,0.9857142857142857
dorsal_DG,Oligodend1,proliferation,3,5,7,0.18198885421057606,0.13198737870094038,0.050001475509635684,0.505273706691897,0.4642857142857143,Mki67;Pcna;Mcm2;Mcm5;Top2a;Ccnd1;Ccnb1,0.8737012987012988
dorsal_DG,Oligodend2,proliferation,4,5,7,0.19827336488746689,0.165062655334828,0.033210709552638884,0.6865474611781327,0.29365079365079366,Mki67;Pcna;Mcm2;Mcm5;Top2a;Ccnd1;Ccnb1,0.8697478991596638
dorsal_DG,OPC,proliferation,4,5,7,0.32352773552869396,0.3497943521384159,-0.02626661660972196,-0.13409345063619843,0.7777777777777778,Mki67;Pcna;Mcm2;Mcm5;Top2a;Ccnd1;Ccnb1,0.9857142857142857
dorsal_DG,AstroSub1,activation,4,4,3,0.7344787385938065,0.5335664384537332,0.20091230014007333,0.5272162360748598,0.45714285714285713,Sox2;Ascl1;Fabp7,0.8737012987012988
dorsal_DG,BergGlia,activation,3,4,3,0.9601222792018169,0.835967222022205,0.12415505717961195,0.4782887029219836,0.5428571428571428,Sox2;Ascl1;Fabp7,0.9199999999999999
dorsal_DG,Endothelial,activation,3,4,3,0.04061605000835006,0.06096053573731017,-0.02034448572896011,-0.2674486398827443,0.6571428571428571,Sox2;Ascl1;Fabp7,0.9535464535464536
dorsal_DG,ExcitNeuron,activation,3,4,3,0.0,0.05531614880767737,-0.05531614880767737,-1.2305620012651637,0.14285714285714285,Sox2;Ascl1;Fabp7,0.7392857142857142
dorsal_DG,Granule,activation,4,4,3,0.3747737588196287,0.20780958297868757,0.16696417584094114,0.5851380726352949,0.37142857142857144,Sox2;Ascl1;Fabp7,0.8697478991596638
dorsal_DG,InhibNeuron,activation,4,3,3,0.1206603613719472,0.14565722367782163,-0.02499686230587443,-0.25674409694778666,0.7428571428571429,Sox2;Ascl1;Fabp7,0.9857142857142857
dorsal_DG,Microglia1,activation,3,5,3,0.07019342210747155,0.0567778624451442,0.013415559662327353,0.19599033170643004,0.75,Sox2;Ascl1;Fabp7,0.9857142857142857
dorsal_DG,Microglia2,activation,4,5,3,0.004533206558925588,0.06079206337700227,-0.056258856818076686,-0.7517805858033475,0.4444444444444444,Sox2;Ascl1;Fabp7,0.8737012987012988
dorsal_DG,Mossy,activation,4,3,3,0.029423922607779263,0.0,0.029423922607779263,1.624331956746197,0.14285714285714285,Sox2;Ascl1;Fabp7,0.7392857142857142
dorsal_DG,Oligodend1,activation,3,5,3,0.489235359701733,0.5616061790867413,-0.07237081938500828,-0.34439988925617365,0.6071428571428571,Sox2;Ascl1;Fabp7,0.9233576642335768
dorsal_DG,Oligodend2,activation,4,5,3,0.5223808199062137,0.5165789426831996,0.0058018772230140625,0.03937868264907271,0.9444444444444444,Sox2;Ascl1;Fabp7,0.9923857868020305
dorsal_DG,OPC,activation,4,5,3,0.9696270458309159,0.827676657537871,0.14195038829304485,0.36641384963442225,0.6111111111111112,Sox2;Ascl1;Fabp7,0.9233576642335768
dorsal_DG,AstroSub1,differentiation,4,4,4,0.013074548014237035,0.042564929937480664,-0.02949038192324363,-0.6424673005754491,0.42857142857142855,Eomes;Neurod1;Dcx;Tubb3,0.8697478991596638
dorsal_DG,BergGlia,differentiation,3,4,4,0.12172937250784348,0.0,0.12172937250784348,1.3666410930523443,0.14285714285714285,Eomes;Neurod1;Dcx;Tubb3,0.7392857142857142
dorsal_DG,Endothelial,differentiation,3,4,4,0.03553224991781551,0.044569120240732,-0.009036870322916488,-0.20877766690519928,0.8285714285714286,Eomes;Neurod1;Dcx;Tubb3,0.9857142857142857
dorsal_DG,ExcitNeuron,differentiation,3,4,4,0.3001784734740276,0.1986940681240335,0.10148440534999409,0.5428598664276745,0.45714285714285713,Eomes;Neurod1;Dcx;Tubb3,0.8737012987012988
dorsal_DG,Granule,differentiation,4,4,4,0.29570878819729707,0.273348281879206,0.022360506318091056,0.067365693997279,0.8571428571428571,Eomes;Neurod1;Dcx;Tubb3,0.9857142857142857
dorsal_DG,InhibNeuron,differentiation,4,3,4,0.19877386117371265,0.09373296259368258,0.10504089858003007,1.6580554905396776,0.08571428571428572,Eomes;Neurod1;Dcx;Tubb3,0.7097142857142857
dorsal_DG,Microglia1,differentiation,3,5,4,0.0392804953346089,0.023717057669776227,0.015563437664832674,0.6654601980177611,0.32142857142857145,Eomes;Neurod1;Dcx;Tubb3,0.8697478991596638
dorsal_DG,Microglia2,differentiation,4,5,4,0.07962858724949591,0.0,0.07962858724949591,1.332686600243251,0.047619047619047616,Eomes;Neurod1;Dcx;Tubb3,0.5914285714285714
dorsal_DG,Mossy,differentiation,4,3,4,0.0354880628905755,0.026740252107931396,0.008747810782644107,0.23633778400197578,0.7714285714285715,Eomes;Neurod1;Dcx;Tubb3,0.9857142857142857
dorsal_DG,Oligodend1,differentiation,3,5,4,0.07314762543256896,0.025070324149691008,0.04807730128287795,1.1282317052238593,0.14285714285714285,Eomes;Neurod1;Dcx;Tubb3,0.7392857142857142
dorsal_DG,Oligodend2,differentiation,4,5,4,0.09280171009919105,0.10271124213199698,-0.009909532032805923,-0.13980864672342766,0.7857142857142857,Eomes;Neurod1;Dcx;Tubb3,0.9857142857142857
dorsal_DG,OPC,differentiation,4,5,4,0.12940399216115198,0.06869345033151592,0.06071054182963606,1.21584992310418,0.10317460317460317,Eomes;Neurod1;Dcx;Tubb3,0.7392857142857142
dorsal_DG,AstroSub1,maturation,4,4,6,0.029346142887923747,0.1439193075948369,-0.11457316470691314,-1.0173177740314143,0.11428571428571428,Dcx;Neurod1;Calb2;Calb1;Prox1;Rbfox3,0.7392857142857142
dorsal_DG,BergGlia,maturation,3,4,6,0.0,0.09167827668131558,-0.09167827668131558,-0.7406036325631472,0.42857142857142855,Dcx;Neurod1;Calb2;Calb1;Prox1;Rbfox3,0.8697478991596638
dorsal_DG,Endothelial,maturation,3,4,6,0.0918112257229906,0.054791310924625525,0.03701991479836507,1.794146121769068,0.05714285714285714,Dcx;Neurod1;Calb2;Calb1;Prox1;Rbfox3,0.5914285714285714
dorsal_DG,ExcitNeuron,maturation,3,4,6,0.18858667332261117,0.2327138609233233,-0.04412718760071213,-0.23936494919463921,0.8,Dcx;Neurod1;Calb2;Calb1;Prox1;Rbfox3,0.9857142857142857
dorsal_DG,Granule,maturation,4,4,6,0.2075439985392844,0.2401402374147375,-0.0325962388754531,-0.11517643778403185,0.8,Dcx;Neurod1;Calb2;Calb1;Prox1;Rbfox3,0.9857142857142857
dorsal_DG,InhibNeuron,maturation,4,3,6,0.35263375064594144,0.3615530725532343,-0.008919321907292888,-0.11829585144078525,0.7714285714285715,Dcx;Neurod1;Calb2;Calb1;Prox1;Rbfox3,0.9857142857142857
dorsal_DG,Microglia1,maturation,3,5,6,0.08629284592472423,0.06548162063259429,0.020811225292129948,0.577967337391795,0.42857142857142855,Dcx;Neurod1;Calb2;Calb1;Prox1;Rbfox3,0.8697478991596638
dorsal_DG,Microglia2,maturation,4,5,6,0.047987003571291556,0.0,0.047987003571291556,1.06167041615002,0.047619047619047616,Dcx;Neurod1;Calb2;Calb1;Prox1;Rbfox3,0.5914285714285714
dorsal_DG,Mossy,maturation,4,3,6,0.08678543332149921,0.03828488694572666,0.04850054637577255,0.9336002744819929,0.2571428571428571,Dcx;Neurod1;Calb2;Calb1;Prox1;Rbfox3,0.8697478991596638
dorsal_DG,Oligodend1,maturation,3,5,6,0.1388655000507585,0.18953041846760285,-0.05066491841684434,-0.6822515839678079,0.30357142857142855,Dcx;Neurod1;Calb2;Calb1;Prox1;Rbfox3,0.8697478991596638
dorsal_DG,Oligodend2,maturation,4,5,6,0.09781485362028333,0.14147081721165514,-0.043655963591371805,-0.48767421760552554,0.5158730158730159,Dcx;Neurod1;Calb2;Calb1;Prox1;Rbfox3,0.9126984126984128
dorsal_DG,OPC,maturation,4,5,6,0.12105241294871992,0.14199127466565759,-0.020938861716937665,-0.22419540355308681,0.7142857142857143,Dcx;Neurod1;Calb2;Calb1;Prox1;Rbfox3,0.9727443609022557
dorsal_DG,AstroSub1,integration,4,4,6,0.8541766415959755,1.0889513960262958,-0.23477475443032025,-1.045697668837066,0.17142857142857143,Syp;Syn1;Dlg4;Gria1;Gria2;Grin1,0.825249169435216
dorsal_DG,BergGlia,integration,3,4,6,0.4600902920040846,0.7239184764154543,-0.2638281844113697,-0.7739414843693737,0.2857142857142857,Syp;Syn1;Dlg4;Gria1;Gria2;Grin1,0.8697478991596638
dorsal_DG,Endothelial,integration,3,4,6,0.569709305100914,0.7194048044758896,-0.14969549937497562,-0.994150381081637,0.17142857142857143,Syp;Syn1;Dlg4;Gria1;Gria2;Grin1,0.825249169435216
dorsal_DG,ExcitNeuron,integration,3,4,6,1.5997665900096816,1.902602756562622,-0.30283616655294043,-1.0793401812574819,0.05714285714285714,Syp;Syn1;Dlg4;Gria1;Gria2;Grin1,0.5914285714285714
dorsal_DG,Granule,integration,4,4,6,1.4580936828977975,1.48789355222482,-0.0297998693270225,-0.09079025613201769,0.9142857142857143,Syp;Syn1;Dlg4;Gria1;Gria2;Grin1,0.9857142857142857
dorsal_DG,InhibNeuron,integration,4,3,6,1.7700839236480719,1.8469656771157166,-0.0768817534676447,-0.695848344591538,0.34285714285714286,Syp;Syn1;Dlg4;Gria1;Gria2;Grin1,0.8697478991596638
dorsal_DG,Microglia1,integration,3,5,6,0.37507679527146937,0.6119421103496273,-0.23686531507815795,-1.330454000378822,0.08928571428571429,Syp;Syn1;Dlg4;Gria1;Gria2;Grin1,0.7108516483516484
dorsal_DG,Microglia2,integration,4,5,6,0.5310565189575223,0.6306494508203822,-0.09959293186285989,-0.5004360251751329,0.40476190476190477,Syp;Syn1;Dlg4;Gria1;Gria2;Grin1,0.8697478991596638
dorsal_DG,Mossy,integration,4,3,6,0.6545101166961054,0.6456352122846417,0.008874904411463658,0.05163115311340899,0.9142857142857143,Syp;Syn1;Dlg4;Gria1;Gria2;Grin1,0.9857142857142857
dorsal_DG,Oligodend1,integration,3,5,6,0.5120517550892367,0.9313906808537087,-0.41933892576447196,-3.0150072057486264,0.017857142857142856,Syp;Syn1;Dlg4;Gria1;Gria2;Grin1,0.5914285714285714
dorsal_DG,Oligodend2,integration,4,5,6,0.5605582889761753,0.6850703788167875,-0.12451208984061213,-0.5398149969004199,0.3968253968253968,Syp;Syn1;Dlg4;Gria1;Gria2;Grin1,0.8697478991596638
dorsal_DG,OPC,integration,4,5,6,0.8373682855514601,1.061561663381457,-0.22419337782999693,-1.0651133015283318,0.1349206349206349,Syp;Syn1;Dlg4;Gria1;Gria2;Grin1,0.7392857142857142
dorsal_DG,AstroSub1,activity,4,4,5,0.9296260779968033,0.7857369553526734,0.1438891226441299,0.5872574913363886,0.22857142857142856,Arc;Egr1;Fos;Bdnf;Ntrk2,0.8697478991596638
dorsal_DG,BergGlia,activity,3,4,5,0.6914379086809576,0.6773959116499897,0.014041997030967868,0.0399913922122999,0.9142857142857143,Arc;Egr1;Fos;Bdnf;Ntrk2,0.9857142857142857
dorsal_DG,Endothelial,activity,3,4,5,1.0601487410382096,0.9000667945307275,0.1600819465074821,1.041380623596348,0.14285714285714285,Arc;Egr1;Fos;Bdnf;Ntrk2,0.7392857142857142
dorsal_DG,ExcitNeuron,activity,3,4,5,0.8845959591354856,0.7561460686932439,0.12844989044224175,0.5012670050499575,0.5142857142857142,Arc;Egr1;Fos;Bdnf;Ntrk2,0.9126984126984128
dorsal_DG,Granule,activity,4,4,5,0.5302312981880186,0.6800595355649066,-0.149828237376888,-0.4849327306050031,0.5428571428571428,Arc;Egr1;Fos;Bdnf;Ntrk2,0.9199999999999999
dorsal_DG,InhibNeuron,activity,4,3,5,0.7328713912124865,0.5475215958089598,0.1853497954035267,1.7570283190995075,0.05714285714285714,Arc;Egr1;Fos;Bdnf;Ntrk2,0.5914285714285714
dorsal_DG,Microglia1,activity,3,5,5,0.8284586459814672,0.8386610158509764,-0.010202369869509176,-0.028525432912260295,0.9821428571428571,Arc;Egr1;Fos;Bdnf;Ntrk2,0.9985994397759103
dorsal_DG,Microglia2,activity,4,5,5,0.8304351794351176,0.9157767042784487,-0.08534152484333113,-0.2924846971786194,0.626984126984127,Arc;Egr1;Fos;Bdnf;Ntrk2,0.9293877551020407
dorsal_DG,Mossy,activity,4,3,5,1.0779991368028672,1.042958734001308,0.03504040280155918,0.1839691312593421,0.8285714285714286,Arc;Egr1;Fos;Bdnf;Ntrk2,0.9857142857142857
dorsal_DG,Oligodend1,activity,3,5,5,0.905648044931502,0.5520918156801196,0.3535562292513824,2.94068626985251,0.017857142857142856,Arc;Egr1;Fos;Bdnf;Ntrk2,0.5914285714285714
dorsal_DG,Oligodend2,activity,4,5,5,1.5261844544371683,1.4381760302355935,0.08800842420157484,0.6600851690576925,0.30952380952380953,Arc;Egr1;Fos;Bdnf;Ntrk2,0.8697478991596638
dorsal_DG,OPC,activity,4,5,5,1.0983336276722935,0.9774272550501042,0.12090637262218928,0.6200369347131128,0.36507936507936506,Arc;Egr1;Fos;Bdnf;Ntrk2,0.8697478991596638
dorsal_DG,AstroSub1,survival,4,4,6,0.10376975761191386,0.202568052613595,-0.09879829500168115,-0.9725006929168768,0.2,Bcl2;Bcl2l1;Akt1;Igf1;Bax;Casp3,0.8448979591836736
dorsal_DG,BergGlia,survival,3,4,6,0.10462123819260778,0.07656703117522032,0.028054207017387464,0.09956617319971321,0.8571428571428571,Bcl2;Bcl2l1;Akt1;Igf1;Bax;Casp3,0.9857142857142857
dorsal_DG,Endothelial,survival,3,4,6,0.11606498638978723,0.13962720856773259,-0.02356222217794536,-0.2922987655866761,0.6857142857142857,Bcl2;Bcl2l1;Akt1;Igf1;Bax;Casp3,0.965597667638484
dorsal_DG,ExcitNeuron,survival,3,4,6,0.0743109083763621,0.0981427070301916,-0.023831798653829492,-0.17457046940953966,0.7714285714285715,Bcl2;Bcl2l1;Akt1;Igf1;Bax;Casp3,0.9857142857142857
dorsal_DG,Granule,survival,4,4,6,0.02460734284539611,0.1457813027098038,-0.12117395986440768,-1.2334965649043779,0.14285714285714285,Bcl2;Bcl2l1;Akt1;Igf1;Bax;Casp3,0.7392857142857142
dorsal_DG,InhibNeuron,survival,4,3,6,0.027355633420736724,0.11442557062724969,-0.08706993720651296,-1.3114386232678539,0.17142857142857143,Bcl2;Bcl2l1;Akt1;Igf1;Bax;Casp3,0.825249169435216
dorsal_DG,Microglia1,survival,3,5,6,0.15548307092151936,0.14504138114388662,0.01044168977763274,0.09970705223576876,0.9285714285714286,Bcl2;Bcl2l1;Akt1;Igf1;Bax;Casp3,0.9907952871870398
dorsal_DG,Microglia2,survival,4,5,6,0.2653197950263541,0.1688745613111728,0.09644523371518132,0.7074696535964833,0.2619047619047619,Bcl2;Bcl2l1;Akt1;Igf1;Bax;Casp3,0.8697478991596638
dorsal_DG,Mossy,survival,4,3,6,0.08805198600578183,0.06391341748553307,0.02413856852024876,0.19149087025678524,0.8,Bcl2;Bcl2l1;Akt1;Igf1;Bax;Casp3,0.9857142857142857
dorsal_DG,Oligodend1,survival,3,5,6,0.1144788358638842,0.26390550880418717,-0.14942667294030298,-1.3089641662743294,0.03571428571428571,Bcl2;Bcl2l1;Akt1;Igf1;Bax;Casp3,0.5914285714285714
dorsal_DG,Oligodend2,survival,4,5,6,0.19595059560504377,0.13664255620350232,0.059308039401541446,0.7901536453866038,0.2222222222222222,Bcl2;Bcl2l1;Akt1;Igf1;Bax;Casp3,0.8697478991596638
dorsal_DG,OPC,survival,4,5,6,-0.018930870219502325,0.029778475160013952,-0.04870934537951628,-0.37450467715940233,0.5158730158730159,Bcl2;Bcl2l1;Akt1;Igf1;Bax;Casp3,0.9126984126984128
dorsal_DG,AstroSub1,niche,4,4,8,1.1915998146207307,0.8359638390345048,0.35563597558622595,1.9082927295833956,0.02857142857142857,Aif1;Cx3cr1;Trem2;Tyrobp;C1qa;C1qb;Gfap;S100b,0.5914285714285714
dorsal_DG,BergGlia,niche,3,4,8,1.1345585162347263,0.8023460452475752,0.332212470987151,0.8405566418818033,0.2571428571428571,Aif1;Cx3cr1;Trem2;Tyrobp;C1qa;C1qb;Gfap;S100b,0.8697478991596638
dorsal_DG,Endothelial,niche,3,4,8,0.5085008052864768,0.41377986834669844,0.09472093693977834,0.4087721770104261,0.5714285714285714,Aif1;Cx3cr1;Trem2;Tyrobp;C1qa;C1qb;Gfap;S100b,0.9199999999999999
dorsal_DG,ExcitNeuron,niche,3,4,8,0.4326137466929813,0.40464438656689283,0.02796936012608847,0.282375453853686,0.6857142857142857,Aif1;Cx3cr1;Trem2;Tyrobp;C1qa;C1qb;Gfap;S100b,0.965597667638484
dorsal_DG,Granule,niche,4,4,8,0.5432634536222669,0.44778263688123,0.09548081674103692,0.520261517498953,0.45714285714285713,Aif1;Cx3cr1;Trem2;Tyrobp;C1qa;C1qb;Gfap;S100b,0.8737012987012988
dorsal_DG,InhibNeuron,niche,4,3,8,0.48426183772810516,0.3425967297476757,0.14166510798042947,1.064055577410722,0.2,Aif1;Cx3cr1;Trem2;Tyrobp;C1qa;C1qb;Gfap;S100b,0.8448979591836736
dorsal_DG,Microglia1,niche,3,5,8,2.1357776689671986,2.0461084278005557,0.08966924116664288,0.6467289068593775,0.375,Aif1;Cx3cr1;Trem2;Tyrobp;C1qa;C1qb;Gfap;S100b,0.8697478991596638
dorsal_DG,Microglia2,niche,4,5,8,2.2467753639773855,1.8557448691645497,0.3910304948128358,2.1799698892932935,0.015873015873015872,Aif1;Cx3cr1;Trem2;Tyrobp;C1qa;C1qb;Gfap;S100b,0.5914285714285714
dorsal_DG,Mossy,niche,4,3,8,0.5538171993160144,0.5474060950915102,0.006411104224504194,0.0509477426635369,0.9714285714285714,Aif1;Cx3cr1;Trem2;Tyrobp;C1qa;C1qb;Gfap;S100b,0.9954738330975955
dorsal_DG,Oligodend1,niche,3,5,8,0.5332329530947761,0.45476336041584986,0.07846959267892628,0.5725709653618376,0.4107142857142857,Aif1;Cx3cr1;Trem2;Tyrobp;C1qa;C1qb;Gfap;S100b,0.8697478991596638
dorsal_DG,Oligodend2,niche,4,5,8,0.5818651447318168,0.5904698789990108,-0.008604734267193992,-0.0529589615490106,0.9285714285714286,Aif1;Cx3cr1;Trem2;Tyrobp;C1qa;C1qb;Gfap;S100b,0.9907952871870398
dorsal_DG,OPC,niche,4,5,8,0.5607311872729217,0.38370046759059784,0.17703071968232387,1.037662513014762,0.11904761904761904,Aif1;Cx3cr1;Trem2;Tyrobp;C1qa;C1qb;Gfap;S100b,0.7392857142857142
dorsal_DG,AstroSub1,energy,4,4,4,1.2197821348382787,0.9207762541107576,0.2990058807275211,1.248818719727998,0.11428571428571428,Ndufa1;Ndufb8;Cox4i1;Cox5a,0.7392857142857142
dorsal_DG,BergGlia,energy,3,4,4,1.765292098937281,1.1466919420911277,0.6186001568461532,1.3267087796367891,0.11428571428571428,Ndufa1;Ndufb8;Cox4i1;Cox5a,0.7392857142857142
dorsal_DG,Endothelial,energy,3,4,4,1.3571134836750847,1.2804613264099414,0.0766521572651433,0.5329261352300252,0.37142857142857144,Ndufa1;Ndufb8;Cox4i1;Cox5a,0.8697478991596638
dorsal_DG,ExcitNeuron,energy,3,4,4,1.0373356094354016,0.6148138832058805,0.4225217262295211,0.9197825902286737,0.2571428571428571,Ndufa1;Ndufb8;Cox4i1;Cox5a,0.8697478991596638
dorsal_DG,Granule,energy,4,4,4,0.7888433042205565,0.7006873978723737,0.08815590634818282,0.24835829508925458,0.6285714285714286,Ndufa1;Ndufb8;Cox4i1;Cox5a,0.9293877551020407
dorsal_DG,InhibNeuron,energy,4,3,4,1.2129106308957294,0.5069558644836293,0.7059547664121001,3.16662272370898,0.02857142857142857,Ndufa1;Ndufb8;Cox4i1;Cox5a,0.5914285714285714
dorsal_DG,Microglia1,energy,3,5,4,0.8468204384600316,0.8675218561964492,-0.020701417736417538,-0.10820299662015487,0.8928571428571429,Ndufa1;Ndufb8;Cox4i1;Cox5a,0.9857142857142857
dorsal_DG,Microglia2,energy,4,5,4,1.0365004028377771,0.6365724528443536,0.3999279499934235,1.6187417856397852,0.047619047619047616,Ndufa1;Ndufb8;Cox4i1;Cox5a,0.5914285714285714
dorsal_DG,Mossy,energy,4,3,4,1.3883796859526383,1.1230531266687294,0.2653265592839089,1.7938148809922057,0.02857142857142857,Ndufa1;Ndufb8;Cox4i1;Cox5a,0.5914285714285714
dorsal_DG,Oligodend1,energy,3,5,4,1.2846323723554869,0.9009273116888938,0.38370506066659305,1.7239601432527296,0.03571428571428571,Ndufa1;Ndufb8;Cox4i1;Cox5a,0.5914285714285714
dorsal_DG,Oligodend2,energy,4,5,4,1.2613669710006372,1.1018027914661161,0.15956417953452107,0.7461483601247966,0.29365079365079366,Ndufa1;Ndufb8;Cox4i1;Cox5a,0.8697478991596638
dorsal_DG,OPC,energy,4,5,4,1.3594380277361946,1.0681021797796248,0.29133584795656975,1.3905422783456929,0.06349206349206349,Ndufa1;Ndufb8;Cox4i1;Cox5a,0.6258503401360545
ventral_DG,AstroSub1,proliferation,4,4,7,0.08162284539123588,0.07102188801296344,0.010600957378272435,0.14702658522516499,0.8857142857142857,Mki67;Pcna;Mcm2;Mcm5;Top2a;Ccnd1;Ccnb1,0.9857142857142857
ventral_DG,Endothelial,proliferation,3,4,7,0.19224635658009093,0.16236860452748508,0.029877752052605844,2.045479489847974,0.02857142857142857,Mki67;Pcna;Mcm2;Mcm5;Top2a;Ccnd1;Ccnb1,0.5914285714285714
ventral_DG,ExcitNeuron,proliferation,3,4,7,0.03061317663176155,0.005827661084812519,0.024785515546949032,0.6709189432358008,0.37142857142857144,Mki67;Pcna;Mcm2;Mcm5;Top2a;Ccnd1;Ccnb1,0.8697478991596638
ventral_DG,Granule,proliferation,3,3,7,0.08723387099370995,0.05578344633134219,0.03145042466236776,0.30143759122524433,0.6,Mki67;Pcna;Mcm2;Mcm5;Top2a;Ccnd1;Ccnb1,0.9199999999999999
ventral_DG,InhibNeuron,proliferation,4,3,7,0.08252056122067686,0.07480632496765033,0.00771423625302653,0.09356323451430519,0.9142857142857143,Mki67;Pcna;Mcm2;Mcm5;Top2a;Ccnd1;Ccnb1,0.9857142857142857
ventral_DG,Microglia1,proliferation,3,4,7,0.10801860893483954,0.10149839955928523,0.006520209375554309,0.038271739389609,0.9142857142857143,Mki67;Pcna;Mcm2;Mcm5;Top2a;Ccnd1;Ccnb1,0.9857142857142857
ventral_DG,Microglia2,proliferation,4,5,7,0.20131488411626458,0.23153907291566062,-0.030224188799396035,-0.3495329192978859,0.6666666666666666,Mki67;Pcna;Mcm2;Mcm5;Top2a;Ccnd1;Ccnb1,0.9583333333333334
ventral_DG,Mossy,proliferation,4,3,7,0.14883953287726756,0.19117213837667904,-0.04233260549941148,-0.564722281243675,0.4,Mki67;Pcna;Mcm2;Mcm5;Top2a;Ccnd1;Ccnb1,0.8697478991596638
ventral_DG,Oligodend1,proliferation,3,5,7,0.12123814001184237,0.10725937297590629,0.013978767035936077,0.18235949834277618,0.8392857142857143,Mki67;Pcna;Mcm2;Mcm5;Top2a;Ccnd1;Ccnb1,0.9857142857142857
ventral_DG,Oligodend2,proliferation,4,5,7,0.13415183523479857,0.18254211677704552,-0.04839028154224695,-1.0761984503263333,0.1349206349206349,Mki67;Pcna;Mcm2;Mcm5;Top2a;Ccnd1;Ccnb1,0.7392857142857142
ventral_DG,OPC,proliferation,4,5,7,0.3248902681986982,0.26011893459453345,0.06477133360416476,0.36286206097023804,0.5952380952380952,Mki67;Pcna;Mcm2;Mcm5;Top2a;Ccnd1;Ccnb1,0.9199999999999999
ventral_DG,AstroSub1,activation,4,4,3,0.8632223092537719,0.7323191683274225,0.13090314092634936,0.4243496400979973,0.5142857142857142,Sox2;Ascl1;Fabp7,0.9126984126984128
ventral_DG,Endothelial,activation,3,4,3,0.033425968840867605,0.04567065880018174,-0.012244689959314138,-0.18344287858307318,0.8285714285714286,Sox2;Ascl1;Fabp7,0.9857142857142857
ventral_DG,ExcitNeuron,activation,3,4,3,0.15096230528061083,0.34804536621132487,-0.19708306093071404,-0.8046005442754015,0.2571428571428571,Sox2;Ascl1;Fabp7,0.8697478991596638
ventral_DG,Granule,activation,3,3,3,0.17662600573152018,0.12322061624147419,0.05340538949004599,0.24364256944717244,0.6,Sox2;Ascl1;Fabp7,0.9199999999999999
ventral_DG,InhibNeuron,activation,4,3,3,0.10371006108020897,0.05255720344600561,0.05115285763420336,0.9184529220534328,0.2857142857142857,Sox2;Ascl1;Fabp7,0.8697478991596638
ventral_DG,Microglia1,activation,3,4,3,0.06312746922054353,0.0,0.06312746922054353,0.7687334140423384,0.42857142857142855,Sox2;Ascl1;Fabp7,0.8697478991596638
ventral_DG,Microglia2,activation,4,5,3,0.058237740244721656,0.08499329853346242,-0.026755558288740766,-0.43278472682621155,0.5952380952380952,Sox2;Ascl1;Fabp7,0.9199999999999999
ventral_DG,Mossy,activation,4,3,3,0.06103004860519446,0.0,0.06103004860519446,0.6701545731179658,0.42857142857142855,Sox2;Ascl1;Fabp7,0.8697478991596638
ventral_DG,Oligodend1,activation,3,5,3,0.5750936213029684,0.6905821491000033,-0.11548852779703489,-0.46797491499177324,0.4642857142857143,Sox2;Ascl1;Fabp7,0.8737012987012988
ventral_DG,Oligodend2,activation,4,5,3,0.6014897518062231,0.6206129699671585,-0.01912321816093543,-0.08032899827024803,0.8888888888888888,Sox2;Ascl1;Fabp7,0.9857142857142857
ventral_DG,OPC,activation,4,5,3,0.8324883668026872,0.667433099483614,0.16505526731907327,0.4453427394683702,0.5317460317460317,Sox2;Ascl1;Fabp7,0.9199999999999999
ventral_DG,AstroSub1,differentiation,4,4,4,0.025282226350110022,0.0543005923244112,-0.02901836597430118,-0.5456837798111135,0.4,Eomes;Neurod1;Dcx;Tubb3,0.8697478991596638
ventral_DG,Endothelial,differentiation,3,4,4,0.03419699367156789,0.003630226548156451,0.030566767123411435,1.0048486741801859,0.05714285714285714,Eomes;Neurod1;Dcx;Tubb3,0.5914285714285714
ventral_DG,ExcitNeuron,differentiation,3,4,4,0.4474259948268651,0.4075667563229851,0.03985923850388001,0.13904344463893298,0.8571428571428571,Eomes;Neurod1;Dcx;Tubb3,0.9857142857142857
ventral_DG,Granule,differentiation,3,3,4,0.19819238969468608,0.03579745613161572,0.16239493356307036,1.235634783640568,0.2,Eomes;Neurod1;Dcx;Tubb3,0.8448979591836736
ventral_DG,InhibNeuron,differentiation,4,3,4,0.2866722347383758,0.11966927512802418,0.1670029596103516,0.9763818713867188,0.2571428571428571,Eomes;Neurod1;Dcx;Tubb3,0.8697478991596638
ventral_DG,Microglia1,differentiation,3,4,4,0.03154015092399855,0.049696830838227214,-0.018156679914228667,-0.18118669737765503,1.0,Eomes;Neurod1;Dcx;Tubb3,1.0
ventral_DG,Microglia2,differentiation,4,5,4,0.051125749199673054,0.039046434645952435,0.012079314553720619,0.29980869161797025,0.6190476190476191,Eomes;Neurod1;Dcx;Tubb3,0.9285714285714285
ventral_DG,Mossy,differentiation,4,3,4,0.11776396424819152,0.05932690775819801,0.05843705648999351,0.44778646296698715,0.5714285714285714,Eomes;Neurod1;Dcx;Tubb3,0.9199999999999999
ventral_DG,Oligodend1,differentiation,3,5,4,0.0346834612369647,0.05860501917537257,-0.023921557938407875,-0.4388624938100902,0.5357142857142857,Eomes;Neurod1;Dcx;Tubb3,0.9199999999999999
ventral_DG,Oligodend2,differentiation,4,5,4,0.052952256232183956,0.1532839027744918,-0.10033164654230785,-1.722778058306513,0.023809523809523808,Eomes;Neurod1;Dcx;Tubb3,0.5914285714285714
ventral_DG,OPC,differentiation,4,5,4,0.12117405872313242,0.07288498448894172,0.048289074234190696,0.6450374264693041,0.30952380952380953,Eomes;Neurod1;Dcx;Tubb3,0.8697478991596638
ventral_DG,AstroSub1,maturation,4,4,6,0.04322054552411458,0.10763427750863523,-0.06441373198452066,-1.5802356435639515,0.08571428571428572,Dcx;Neurod1;Calb2;Calb1;Prox1;Rbfox3,0.7097142857142857
ventral_DG,Endothelial,maturation,3,4,6,0.029744083531543147,0.06195021772520958,-0.032206134193666434,-0.3698870792811068,0.8857142857142857,Dcx;Neurod1;Calb2;Calb1;Prox1;Rbfox3,0.9857142857142857
ventral_DG,ExcitNeuron,maturation,3,4,6,0.24022837765754992,0.268687548649444,-0.028459170991894073,-0.11657156720270279,0.8857142857142857,Dcx;Neurod1;Calb2;Calb1;Prox1;Rbfox3,0.9857142857142857
ventral_DG,Granule,maturation,3,3,6,0.20961174600728408,0.0794302209795665,0.13018152502771757,0.761166836537236,0.3,Dcx;Neurod1;Calb2;Calb1;Prox1;Rbfox3,0.8697478991596638
ventral_DG,InhibNeuron,maturation,4,3,6,0.2933415133933537,0.18798498868966385,0.10535652470368984,0.6985052313000283,0.42857142857142855,Dcx;Neurod1;Calb2;Calb1;Prox1;Rbfox3,0.8697478991596638
ventral_DG,Microglia1,maturation,3,4,6,0.0,0.11147061751684342,-0.11147061751684342,-0.9070941221542045,0.42857142857142855,Dcx;Neurod1;Calb2;Calb1;Prox1;Rbfox3,0.8697478991596638
ventral_DG,Microglia2,maturation,4,5,6,0.07873323934276244,0.09961039254584121,-0.02087715320307877,-0.3482741720734576,0.6587301587301587,Dcx;Neurod1;Calb2;Calb1;Prox1;Rbfox3,0.9535464535464536
ventral_DG,Mossy,maturation,4,3,6,0.03455338742782048,0.0682451736109531,-0.03369178618313262,-0.4256383453415665,0.5428571428571428,Dcx;Neurod1;Calb2;Calb1;Prox1;Rbfox3,0.9199999999999999
ventral_DG,Oligodend1,maturation,3,5,6,0.138597054022933,0.16039417724066188,-0.021797123217728892,-0.15430054668759513,0.7321428571428571,Dcx;Neurod1;Calb2;Calb1;Prox1;Rbfox3,0.9857142857142857
ventral_DG,Oligodend2,maturation,4,5,6,0.13443363447346454,0.10131350303671272,0.033120131436751826,0.4828003506598358,0.4365079365079365,Dcx;Neurod1;Calb2;Calb1;Prox1;Rbfox3,0.8737012987012988
ventral_DG,OPC,maturation,4,5,6,0.14978221535586309,0.15334414455142525,-0.003561929195562169,-0.03329028832329073,0.9603174603174603,Dcx;Neurod1;Calb2;Calb1;Prox1;Rbfox3,0.9954738330975955
ventral_DG,AstroSub1,integration,4,4,6,0.6808456636217637,0.8685776048573992,-0.18773194123563552,-1.3990062293953298,0.05714285714285714,Syp;Syn1;Dlg4;Gria1;Gria2;Grin1,0.5914285714285714
ventral_DG,Endothelial,integration,3,4,6,0.4404232495247305,0.5214805844470114,-0.0810573349222809,-1.0246111503825632,0.22857142857142856,Syp;Syn1;Dlg4;Gria1;Gria2;Grin1,0.8697478991596638
ventral_DG,ExcitNeuron,integration,3,4,6,1.562581268080584,1.4219125546097284,0.14066871347085552,0.4204890503077915,0.4857142857142857,Syp;Syn1;Dlg4;Gria1;Gria2;Grin1,0.9057915057915058
ventral_DG,Granule,integration,3,3,6,1.601239833470485,1.423649328321548,0.17759050514893704,1.0042377021402957,0.3,Syp;Syn1;Dlg4;Gria1;Gria2;Grin1,0.8697478991596638
ventral_DG,InhibNeuron,integration,4,3,6,1.776258566542839,1.579920379023508,0.19633818751933108,0.9674868432617899,0.08571428571428572,Syp;Syn1;Dlg4;Gria1;Gria2;Grin1,0.7097142857142857
ventral_DG,Microglia1,integration,3,4,6,0.3249161741981515,0.3628645635634883,-0.03794838936533679,-0.3457341140017462,0.5714285714285714,Syp;Syn1;Dlg4;Gria1;Gria2;Grin1,0.9199999999999999
ventral_DG,Microglia2,integration,4,5,6,0.5145867832141207,0.5816128413234188,-0.06702605810929818,-0.4100494759468048,0.49206349206349204,Syp;Syn1;Dlg4;Gria1;Gria2;Grin1,0.909438775510204
ventral_DG,Mossy,integration,4,3,6,0.3987975630219275,0.5612315218042645,-0.16243395878233702,-0.5320539553648672,0.4,Syp;Syn1;Dlg4;Gria1;Gria2;Grin1,0.8697478991596638
ventral_DG,Oligodend1,integration,3,5,6,0.5240388041144804,0.806814113229801,-0.28277530911532056,-1.1027511371434517,0.14285714285714285,Syp;Syn1;Dlg4;Gria1;Gria2;Grin1,0.7392857142857142
ventral_DG,Oligodend2,integration,4,5,6,0.45705820409304965,0.5286059198534403,-0.07154771576039065,-0.3570218817294706,0.5714285714285714,Syp;Syn1;Dlg4;Gria1;Gria2;Grin1,0.9199999999999999
ventral_DG,OPC,integration,4,5,6,1.0063807342161846,1.0145307800176204,-0.008150045801435857,-0.05828061905636536,0.9365079365079365,Syp;Syn1;Dlg4;Gria1;Gria2;Grin1,0.9923857868020305
ventral_DG,AstroSub1,activity,4,4,5,0.9334685981534478,0.7422750470588932,0.1911935510945546,0.7645317127391575,0.3142857142857143,Arc;Egr1;Fos;Bdnf;Ntrk2,0.8697478991596638
ventral_DG,Endothelial,activity,3,4,5,1.0000476464666093,0.9839136889393705,0.016133957527238785,0.14318213140011665,0.8,Arc;Egr1;Fos;Bdnf;Ntrk2,0.9857142857142857
ventral_DG,ExcitNeuron,activity,3,4,5,0.6221205866277927,0.42180936112359074,0.20031122550420194,0.708784037954207,0.34285714285714286,Arc;Egr1;Fos;Bdnf;Ntrk2,0.8697478991596638
ventral_DG,Granule,activity,3,3,5,0.6307170227396607,0.5957552477725844,0.03496177496707631,0.14629013090742743,0.7,Arc;Egr1;Fos;Bdnf;Ntrk2,0.9724832214765099
ventral_DG,InhibNeuron,activity,4,3,5,0.6376660028326382,0.6632606678240688,-0.025594664991430593,-0.12315738614253094,0.8285714285714286,Arc;Egr1;Fos;Bdnf;Ntrk2,0.9857142857142857
ventral_DG,Microglia1,activity,3,4,5,0.48119625045023245,0.7017341606220815,-0.22053791017184904,-1.3029282414305652,0.05714285714285714,Arc;Egr1;Fos;Bdnf;Ntrk2,0.5914285714285714
ventral_DG,Microglia2,activity,4,5,5,0.869770177979762,0.8476656834557138,0.02210449452404817,0.07976702033929697,0.9682539682539683,Arc;Egr1;Fos;Bdnf;Ntrk2,0.9954738330975955
ventral_DG,Mossy,activity,4,3,5,1.0241552927123323,1.0773648340921278,-0.0532095413797955,-0.2141355984783435,0.7142857142857143,Arc;Egr1;Fos;Bdnf;Ntrk2,0.9727443609022557
ventral_DG,Oligodend1,activity,3,5,5,0.6217173643435308,0.7368453471445944,-0.11512798280106362,-0.45528776028665213,0.5,Arc;Egr1;Fos;Bdnf;Ntrk2,0.9126984126984128
ventral_DG,Oligodend2,activity,4,5,5,1.5938152811298745,1.463538463168523,0.13027681796135138,0.6066105596004983,0.42063492063492064,Arc;Egr1;Fos;Bdnf;Ntrk2,0.8697478991596638
ventral_DG,OPC,activity,4,5,5,0.9325602868177044,0.9523388461375,-0.019778559319795552,-0.12424584589980436,0.8809523809523809,Arc;Egr1;Fos;Bdnf;Ntrk2,0.9857142857142857
ventral_DG,AstroSub1,survival,4,4,6,0.15355383867059558,0.1635728760486857,-0.010019037378090123,-0.05657856809217485,0.9142857142857143,Bcl2;Bcl2l1;Akt1;Igf1;Bax;Casp3,0.9857142857142857
ventral_DG,Endothelial,survival,3,4,6,0.10182670419528432,0.10289677441338414,-0.0010700702180998223,-0.012833915832026734,1.0,Bcl2;Bcl2l1;Akt1;Igf1;Bax;Casp3,1.0
ventral_DG,ExcitNeuron,survival,3,4,6,-0.04552158988782936,-0.1140968626904218,0.06857527280259243,0.47596174961440246,0.6,Bcl2;Bcl2l1;Akt1;Igf1;Bax;Casp3,0.9199999999999999
ventral_DG,Granule,survival,3,3,6,-0.003655821655924648,0.23345656650710875,-0.2371123881630334,-1.300127870657323,0.3,Bcl2;Bcl2l1;Akt1;Igf1;Bax;Casp3,0.8697478991596638
ventral_DG,InhibNeuron,survival,4,3,6,0.06839536616123475,0.06485752371713235,0.003537842444102393,0.033917404577009334,1.0,Bcl2;Bcl2l1;Akt1;Igf1;Bax;Casp3,1.0
ventral_DG,Microglia1,survival,3,4,6,0.0965695746560223,0.02166682757731736,0.07490274707870494,0.3459100675070645,0.6571428571428571,Bcl2;Bcl2l1;Akt1;Igf1;Bax;Casp3,0.9535464535464536
ventral_DG,Microglia2,survival,4,5,6,0.16019052809624562,0.09852899968726843,0.06166152840897719,0.6253287305610925,0.36507936507936506,Bcl2;Bcl2l1;Akt1;Igf1;Bax;Casp3,0.8697478991596638
ventral_DG,Mossy,survival,4,3,6,0.1003931798291244,0.0819646322414187,0.018428547587705693,0.09827999286617418,0.8285714285714286,Bcl2;Bcl2l1;Akt1;Igf1;Bax;Casp3,0.9857142857142857
ventral_DG,Oligodend1,survival,3,5,6,0.18960201820704828,0.20562978809756075,-0.016027769890512467,-0.11535559821575006,0.8928571428571429,Bcl2;Bcl2l1;Akt1;Igf1;Bax;Casp3,0.9857142857142857
ventral_DG,Oligodend2,survival,4,5,6,0.16369173085563954,0.1617299598804478,0.0019617709751917345,0.019105477410634522,0.9841269841269841,Bcl2;Bcl2l1;Akt1;Igf1;Bax;Casp3,0.9985994397759103
ventral_DG,OPC,survival,4,5,6,0.02726529148350501,0.07446944111828722,-0.047204149634782214,-0.4529144753025437,0.4444444444444444,Bcl2;Bcl2l1;Akt1;Igf1;Bax;Casp3,0.8737012987012988
ventral_DG,AstroSub1,niche,4,4,8,1.101625132959308,1.0059171553855197,0.09570797757378835,0.5806653171835926,0.34285714285714286,Aif1;Cx3cr1;Trem2;Tyrobp;C1qa;C1qb;Gfap;S100b,0.8697478991596638
ventral_DG,Endothelial,niche,3,4,8,0.39447407252677563,0.5055723561995958,-0.11109828367282021,-0.9536627127628149,0.2,Aif1;Cx3cr1;Trem2;Tyrobp;C1qa;C1qb;Gfap;S100b,0.8448979591836736
ventral_DG,ExcitNeuron,niche,3,4,8,0.4715574764257045,0.4987655903828765,-0.027208113957171987,-0.12246118248246751,0.8857142857142857,Aif1;Cx3cr1;Trem2;Tyrobp;C1qa;C1qb;Gfap;S100b,0.9857142857142857
ventral_DG,Granule,niche,3,3,8,0.4645823320337897,0.37816744643923644,0.08641488559455324,0.7658852381758707,0.4,Aif1;Cx3cr1;Trem2;Tyrobp;C1qa;C1qb;Gfap;S100b,0.8697478991596638
ventral_DG,InhibNeuron,niche,4,3,8,0.5010184388934719,0.5228917767850606,-0.02187333789158874,-0.13228627986846164,0.8571428571428571,Aif1;Cx3cr1;Trem2;Tyrobp;C1qa;C1qb;Gfap;S100b,0.9857142857142857
ventral_DG,Microglia1,niche,3,4,8,2.3369087932070864,2.168645940367293,0.16826285283979336,0.6940024179546526,0.37142857142857144,Aif1;Cx3cr1;Trem2;Tyrobp;C1qa;C1qb;Gfap;S100b,0.8697478991596638
ventral_DG,Microglia2,niche,4,5,8,2.227257413738124,2.104646165450508,0.12261124828761583,0.8940577550961504,0.1984126984126984,Aif1;Cx3cr1;Trem2;Tyrobp;C1qa;C1qb;Gfap;S100b,0.8448979591836736
ventral_DG,Mossy,niche,4,3,8,0.4384641449829401,0.3787140852430981,0.05975005973984204,0.4464401037745474,0.6,Aif1;Cx3cr1;Trem2;Tyrobp;C1qa;C1qb;Gfap;S100b,0.9199999999999999
ventral_DG,Oligodend1,niche,3,5,8,0.5674231080963962,0.518380132563814,0.04904297553258219,0.7734255985263955,0.26785714285714285,Aif1;Cx3cr1;Trem2;Tyrobp;C1qa;C1qb;Gfap;S100b,0.8697478991596638
ventral_DG,Oligodend2,niche,4,5,8,0.593971714518148,0.5862522142940022,0.007719500224145803,0.09775926407315405,0.8809523809523809,Aif1;Cx3cr1;Trem2;Tyrobp;C1qa;C1qb;Gfap;S100b,0.9857142857142857
ventral_DG,OPC,niche,4,5,8,0.5339630599302868,0.5058472166643926,0.028115843265894225,0.21720237418418012,0.7142857142857143,Aif1;Cx3cr1;Trem2;Tyrobp;C1qa;C1qb;Gfap;S100b,0.9727443609022557
ventral_DG,AstroSub1,energy,4,4,4,1.4105739515239204,0.9971265270752732,0.41344742444864724,1.500296170391102,0.08571428571428572,Ndufa1;Ndufb8;Cox4i1;Cox5a,0.7097142857142857
ventral_DG,Endothelial,energy,3,4,4,1.4439909603312042,1.4384290718594093,0.005561888471794951,0.049503529872626816,0.9714285714285714,Ndufa1;Ndufb8;Cox4i1;Cox5a,0.9954738330975955
ventral_DG,ExcitNeuron,energy,3,4,4,1.3213408472149843,1.3388596139351234,-0.01751876672013908,-0.06928363053936104,0.9714285714285714,Ndufa1;Ndufb8;Cox4i1;Cox5a,0.9954738330975955
ventral_DG,Granule,energy,3,3,4,0.7455854087302747,0.5605706368896128,0.18501477184066184,0.2622767362811735,0.7,Ndufa1;Ndufb8;Cox4i1;Cox5a,0.9724832214765099
ventral_DG,InhibNeuron,energy,4,3,4,0.7897409826956422,0.5286996840958634,0.26104129859977876,0.6206441289964454,0.42857142857142855,Ndufa1;Ndufb8;Cox4i1;Cox5a,0.8697478991596638
ventral_DG,Microglia1,energy,3,4,4,1.3560703411299324,1.169495370406922,0.18657497072301044,0.5631398938455511,0.42857142857142855,Ndufa1;Ndufb8;Cox4i1;Cox5a,0.8697478991596638
ventral_DG,Microglia2,energy,4,5,4,0.8667021288458995,0.7918001295687691,0.07490199927713037,0.5642446093263307,0.36507936507936506,Ndufa1;Ndufb8;Cox4i1;Cox5a,0.8697478991596638
ventral_DG,Mossy,energy,4,3,4,1.282565500472958,1.1790524450051787,0.10351305546777922,0.34526274686932085,0.6857142857142857,Ndufa1;Ndufb8;Cox4i1;Cox5a,0.965597667638484
ventral_DG,Oligodend1,energy,3,5,4,1.178445476635617,0.8724477335802641,0.3059977430553529,0.7761350733859081,0.30357142857142855,Ndufa1;Ndufb8;Cox4i1;Cox5a,0.8697478991596638
ventral_DG,Oligodend2,energy,4,5,4,1.2990391049478789,1.165273369153934,0.1337657357939448,0.6596190108935389,0.30158730158730157,Ndufa1;Ndufb8;Cox4i1;Cox5a,0.8697478991596638
ventral_DG,OPC,energy,4,5,4,1.133435010224285,0.9133554864539184,0.22007952377036655,0.5816561632348642,0.35714285714285715,Ndufa1;Ndufb8;Cox4i1;Cox5a,0.8697478991596638
